input_text,target_text
"Analyze the market performance of the movie Spider-Man: No Way Home. Use its genre, popularity, vote count, and audience rating.","Spider-Man: No Way Home belongs to the Action, Adventure, Science Fiction genre. It has a popularity score of 5083.954, a vote count of 8940, and an average audience rating of 8.3. Its original language is en. These measurements can be used to evaluate audience interest and market performance."
"Analyze the market performance of the movie The Batman. Use its genre, popularity, vote count, and audience rating.","The Batman belongs to the Crime, Mystery, Thriller genre. It has a popularity score of 3827.658, a vote count of 1151, and an average audience rating of 8.1. Its original language is en. These measurements can be used to evaluate audience interest and market performance."
"Analyze the market performance of the movie No Exit. Use its genre, popularity, vote count, and audience rating.","No Exit belongs to the Thriller genre. It has a popularity score of 2618.087, a vote count of 122, and an average audience rating of 6.3. Its original language is en. These measurements can be used to evaluate audience interest and market performance."
"Analyze the market performance of the movie Encanto. Use its genre, popularity, vote count, and audience rating.","Encanto belongs to the Animation, Comedy, Family, Fantasy genre. It has a popularity score of 2402.201, a vote count of 5076, and an average audience rating of 7.7. Its original language is en. These measurements can be used to evaluate audience interest and market performance."
"Analyze the market performance of the movie The King's Man. Use its genre, popularity, vote count, and audience rating.","The King's Man belongs to the Action, Adventure, Thriller, War genre. It has a popularity score of 1895.511, a vote count of 1793, and an average audience rating of 7. Its original language is en. These measurements can be used to evaluate audience interest and market performance."
"Analyze the market performance of the movie The Commando. Use its genre, popularity, vote count, and audience rating.","The Commando belongs to the Action, Crime, Thriller genre. It has a popularity score of 1750.484, a vote count of 33, and an average audience rating of 6.6. Its original language is en. These measurements can be used to evaluate audience interest and market performance."
"Analyze the market performance of the movie Scream. Use its genre, popularity, vote count, and audience rating.","Scream belongs to the Horror, Mystery, Thriller genre. It has a popularity score of 1675.161, a vote count of 821, and an average audience rating of 6.8. Its original language is en. These measurements can be used to evaluate audience interest and market performance."
"Analyze the market performance of the movie Kimi. Use its genre, popularity, vote count, and audience rating.","Kimi belongs to the Thriller genre. It has a popularity score of 1601.782, a vote count of 206, and an average audience rating of 6.3. Its original language is en. These measurements can be used to evaluate audience interest and market performance."
"Analyze the market performance of the movie Fistful of Vengeance. Use its genre, popularity, vote count, and audience rating.","Fistful of Vengeance belongs to the Action, Crime, Fantasy genre. It has a popularity score of 1594.013, a vote count of 114, and an average audience rating of 5.3. Its original language is en. These measurements can be used to evaluate audience interest and market performance."
"Analyze the market performance of the movie Eternals. Use its genre, popularity, vote count, and audience rating.","Eternals belongs to the Science Fiction genre. It has a popularity score of 1537.406, a vote count of 4726, and an average audience rating of 7.2. Its original language is en. These measurements can be used to evaluate audience interest and market performance."
"Analyze the market performance of the movie Pursuit. Use its genre, popularity, vote count, and audience rating.","Pursuit belongs to the Action, Crime, Thriller genre. It has a popularity score of 1501.523, a vote count of 16, and an average audience rating of 5.9. Its original language is en. These measurements can be used to evaluate audience interest and market performance."
"Analyze the market performance of the movie My Hero Academia: World Heroes' Mission. Use its genre, popularity, vote count, and audience rating.","My Hero Academia: World Heroes' Mission belongs to the Animation, Action, Fantasy, Adventure genre. It has a popularity score of 1485.064, a vote count of 100, and an average audience rating of 7.3. Its original language is ja. These measurements can be used to evaluate audience interest and market performance."
"Analyze the market performance of the movie Restless. Use its genre, popularity, vote count, and audience rating.","Restless belongs to the Action, Thriller, Crime genre. It has a popularity score of 1468.377, a vote count of 107, and an average audience rating of 5.9. Its original language is fr. These measurements can be used to evaluate audience interest and market performance."
"Analyze the market performance of the movie Nightmare Alley. Use its genre, popularity, vote count, and audience rating.","Nightmare Alley belongs to the Crime, Drama, Thriller genre. It has a popularity score of 1455.144, a vote count of 952, and an average audience rating of 7.1. Its original language is en. These measurements can be used to evaluate audience interest and market performance."
"Analyze the market performance of the movie The Ice Age Adventures of Buck Wild. Use its genre, popularity, vote count, and audience rating.","The Ice Age Adventures of Buck Wild belongs to the Animation, Comedy, Adventure, Family genre. It has a popularity score of 1431.307, a vote count of 737, and an average audience rating of 7.1. Its original language is en. These measurements can be used to evaluate audience interest and market performance."
"Analyze the market performance of the movie Hotel Transylvania: Transformania. Use its genre, popularity, vote count, and audience rating.","Hotel Transylvania: Transformania belongs to the Animation, Family, Fantasy, Comedy, Adventure genre. It has a popularity score of 1373.778, a vote count of 288, and an average audience rating of 7. Its original language is en. These measurements can be used to evaluate audience interest and market performance."
"Analyze the market performance of the movie Texas Chainsaw Massacre. Use its genre, popularity, vote count, and audience rating.","Texas Chainsaw Massacre belongs to the Horror genre. It has a popularity score of 1312.79, a vote count of 521, and an average audience rating of 5.1. Its original language is en. These measurements can be used to evaluate audience interest and market performance."
"Analyze the market performance of the movie The Requin. Use its genre, popularity, vote count, and audience rating.","The Requin belongs to the Thriller genre. It has a popularity score of 1252.317, a vote count of 65, and an average audience rating of 4.6. Its original language is en. These measurements can be used to evaluate audience interest and market performance."
"Analyze the market performance of the movie Looop Lapeta. Use its genre, popularity, vote count, and audience rating.","Looop Lapeta belongs to the Action, Comedy, Crime genre. It has a popularity score of 1240.946, a vote count of 31, and an average audience rating of 6. Its original language is hi. These measurements can be used to evaluate audience interest and market performance."
"Analyze the market performance of the movie Red Notice. Use its genre, popularity, vote count, and audience rating.","Red Notice belongs to the Action, Comedy, Crime, Thriller genre. It has a popularity score of 1178.544, a vote count of 3193, and an average audience rating of 6.8. Its original language is en. These measurements can be used to evaluate audience interest and market performance."
"Analyze the market performance of the movie Sing 2. Use its genre, popularity, vote count, and audience rating.","Sing 2 belongs to the Animation, Comedy, Family, Music genre. It has a popularity score of 1112.9, a vote count of 2172, and an average audience rating of 8.2. Its original language is en. These measurements can be used to evaluate audience interest and market performance."
"Analyze the market performance of the movie The Jack in the Box: Awakening. Use its genre, popularity, vote count, and audience rating.","The Jack in the Box: Awakening belongs to the Horror genre. It has a popularity score of 1096.79, a vote count of 43, and an average audience rating of 5.4. Its original language is en. These measurements can be used to evaluate audience interest and market performance."
"Analyze the market performance of the movie Venom: Let There Be Carnage. Use its genre, popularity, vote count, and audience rating.","Venom: Let There Be Carnage belongs to the Science Fiction, Action, Adventure genre. It has a popularity score of 1053.615, a vote count of 6539, and an average audience rating of 7.1. Its original language is en. These measurements can be used to evaluate audience interest and market performance."
"Analyze the market performance of the movie The Matrix Resurrections. Use its genre, popularity, vote count, and audience rating.","The Matrix Resurrections belongs to the Science Fiction, Action, Adventure genre. It has a popularity score of 941.024, a vote count of 3160, and an average audience rating of 6.8. Its original language is en. These measurements can be used to evaluate audience interest and market performance."
"Analyze the market performance of the movie Resident Evil: Welcome to Raccoon City. Use its genre, popularity, vote count, and audience rating.","Resident Evil: Welcome to Raccoon City belongs to the Horror, Action, Science Fiction genre. It has a popularity score of 881.086, a vote count of 1312, and an average audience rating of 6.1. Its original language is en. These measurements can be used to evaluate audience interest and market performance."
"Analyze the market performance of the movie Last Man Down. Use its genre, popularity, vote count, and audience rating.","Last Man Down belongs to the Action, Thriller genre. It has a popularity score of 869.605, a vote count of 318, and an average audience rating of 6.3. Its original language is en. These measurements can be used to evaluate audience interest and market performance."
"Analyze the market performance of the movie American Siege. Use its genre, popularity, vote count, and audience rating.","American Siege belongs to the Action, Thriller, Crime, Drama genre. It has a popularity score of 867.326, a vote count of 49, and an average audience rating of 5.4. Its original language is en. These measurements can be used to evaluate audience interest and market performance."
"Analyze the market performance of the movie Uncharted. Use its genre, popularity, vote count, and audience rating.","Uncharted belongs to the Action, Adventure genre. It has a popularity score of 866.391, a vote count of 691, and an average audience rating of 7.1. Its original language is en. These measurements can be used to evaluate audience interest and market performance."
"Analyze the market performance of the movie Demon Slayer -Kimetsu no Yaiba- The Movie: Mugen Train. Use its genre, popularity, vote count, and audience rating.","Demon Slayer -Kimetsu no Yaiba- The Movie: Mugen Train belongs to the Animation, Action, Adventure, Fantasy genre. It has a popularity score of 845.992, a vote count of 2224, and an average audience rating of 8.4. Its original language is ja. These measurements can be used to evaluate audience interest and market performance."
"Analyze the market performance of the movie Ghostbusters: Afterlife. Use its genre, popularity, vote count, and audience rating.","Ghostbusters: Afterlife belongs to the Fantasy, Comedy, Adventure genre. It has a popularity score of 839.904, a vote count of 2225, and an average audience rating of 7.7. Its original language is en. These measurements can be used to evaluate audience interest and market performance."
"Analyze the market performance of the movie The 355. Use its genre, popularity, vote count, and audience rating.","The 355 belongs to the Action, Thriller genre. It has a popularity score of 781.748, a vote count of 313, and an average audience rating of 6.1. Its original language is en. These measurements can be used to evaluate audience interest and market performance."
"Analyze the market performance of the movie Shang-Chi and the Legend of the Ten Rings. Use its genre, popularity, vote count, and audience rating.","Shang-Chi and the Legend of the Ten Rings belongs to the Action, Adventure, Fantasy genre. It has a popularity score of 769.185, a vote count of 5845, and an average audience rating of 7.7. Its original language is en. These measurements can be used to evaluate audience interest and market performance."
"Analyze the market performance of the movie Marry Me. Use its genre, popularity, vote count, and audience rating.","Marry Me belongs to the Romance, Comedy, Music genre. It has a popularity score of 761.793, a vote count of 230, and an average audience rating of 6.9. Its original language is en. These measurements can be used to evaluate audience interest and market performance."
"Analyze the market performance of the movie The Hunting. Use its genre, popularity, vote count, and audience rating.","The Hunting belongs to the Horror genre. It has a popularity score of 761.127, a vote count of 10, and an average audience rating of 5.8. Its original language is en. These measurements can be used to evaluate audience interest and market performance."
"Analyze the market performance of the movie West Side Story. Use its genre, popularity, vote count, and audience rating.","West Side Story belongs to the Drama, Romance, Crime genre. It has a popularity score of 678.186, a vote count of 562, and an average audience rating of 7.4. Its original language is en. These measurements can be used to evaluate audience interest and market performance."
"Analyze the market performance of the movie Through My Window. Use its genre, popularity, vote count, and audience rating.","Through My Window belongs to the Romance, Drama genre. It has a popularity score of 659.105, a vote count of 1331, and an average audience rating of 7.8. Its original language is es. These measurements can be used to evaluate audience interest and market performance."
"Analyze the market performance of the movie The Seven Deadly Sins: Cursed by Light. Use its genre, popularity, vote count, and audience rating.","The Seven Deadly Sins: Cursed by Light belongs to the Animation, Fantasy genre. It has a popularity score of 647.54, a vote count of 312, and an average audience rating of 8. Its original language is ja. These measurements can be used to evaluate audience interest and market performance."
"Analyze the market performance of the movie One Shot. Use its genre, popularity, vote count, and audience rating.","One Shot belongs to the Action genre. It has a popularity score of 622.24, a vote count of 382, and an average audience rating of 6.8. Its original language is en. These measurements can be used to evaluate audience interest and market performance."
"Analyze the market performance of the movie Tom and Jerry: Cowboy Up!. Use its genre, popularity, vote count, and audience rating.","Tom and Jerry: Cowboy Up! belongs to the Animation, Comedy, Family, Western genre. It has a popularity score of 614.11, a vote count of 163, and an average audience rating of 7.1. Its original language is en. These measurements can be used to evaluate audience interest and market performance."
"Analyze the market performance of the movie Chernobyl: Abyss. Use its genre, popularity, vote count, and audience rating.","Chernobyl: Abyss belongs to the Drama, History, Adventure genre. It has a popularity score of 601.958, a vote count of 314, and an average audience rating of 6.2. Its original language is ru. These measurements can be used to evaluate audience interest and market performance."
"Analyze the market performance of the movie Desperate Riders. Use its genre, popularity, vote count, and audience rating.","Desperate Riders belongs to the Western, Action genre. It has a popularity score of 590.474, a vote count of 10, and an average audience rating of 6.8. Its original language is en. These measurements can be used to evaluate audience interest and market performance."
"Analyze the market performance of the movie Clifford the Big Red Dog. Use its genre, popularity, vote count, and audience rating.","Clifford the Big Red Dog belongs to the Family, Adventure, Comedy, Fantasy genre. It has a popularity score of 585.011, a vote count of 1100, and an average audience rating of 7.3. Its original language is en. These measurements can be used to evaluate audience interest and market performance."
"Analyze the market performance of the movie Tyler Perry's A Madea Homecoming. Use its genre, popularity, vote count, and audience rating.","Tyler Perry's A Madea Homecoming belongs to the Comedy genre. It has a popularity score of 577.591, a vote count of 42, and an average audience rating of 6.7. Its original language is en. These measurements can be used to evaluate audience interest and market performance."
"Analyze the market performance of the movie The Boss Baby: Family Business. Use its genre, popularity, vote count, and audience rating.","The Boss Baby: Family Business belongs to the Animation, Comedy, Adventure, Family genre. It has a popularity score of 567.421, a vote count of 1785, and an average audience rating of 7.6. Its original language is en. These measurements can be used to evaluate audience interest and market performance."
"Analyze the market performance of the movie Turning Red. Use its genre, popularity, vote count, and audience rating.","Turning Red belongs to the Animation, Family, Comedy, Fantasy genre. It has a popularity score of 564.507, a vote count of 8, and an average audience rating of 8.6. Its original language is en. These measurements can be used to evaluate audience interest and market performance."
"Analyze the market performance of the movie Brazen. Use its genre, popularity, vote count, and audience rating.","Brazen belongs to the Thriller, Mystery, Drama genre. It has a popularity score of 553.141, a vote count of 211, and an average audience rating of 4.8. Its original language is en. These measurements can be used to evaluate audience interest and market performance."
"Analyze the market performance of the movie The House. Use its genre, popularity, vote count, and audience rating.","The House belongs to the Animation, Drama, Comedy, Horror genre. It has a popularity score of 551.65, a vote count of 432, and an average audience rating of 7.1. Its original language is en. These measurements can be used to evaluate audience interest and market performance."
"Analyze the market performance of the movie Blacklight. Use its genre, popularity, vote count, and audience rating.","Blacklight belongs to the Action, Thriller genre. It has a popularity score of 533.903, a vote count of 88, and an average audience rating of 5.1. Its original language is en. These measurements can be used to evaluate audience interest and market performance."
"Analyze the market performance of the movie Ron's Gone Wrong. Use its genre, popularity, vote count, and audience rating.","Ron's Gone Wrong belongs to the Animation, Science Fiction, Family, Comedy genre. It has a popularity score of 509.277, a vote count of 1000, and an average audience rating of 8.1. Its original language is en. These measurements can be used to evaluate audience interest and market performance."
"Analyze the market performance of the movie Free Guy. Use its genre, popularity, vote count, and audience rating.","Free Guy belongs to the Comedy, Action, Adventure, Science Fiction genre. It has a popularity score of 447.872, a vote count of 5158, and an average audience rating of 7.7. Its original language is en. These measurements can be used to evaluate audience interest and market performance."
"Analyze the market performance of the movie Cruella. Use its genre, popularity, vote count, and audience rating.","Cruella belongs to the Comedy, Crime genre. It has a popularity score of 429.613, a vote count of 6675, and an average audience rating of 8.2. Its original language is en. These measurements can be used to evaluate audience interest and market performance."
"Analyze the market performance of the movie The Suicide Squad. Use its genre, popularity, vote count, and audience rating.","The Suicide Squad belongs to the Action, Adventure, Fantasy genre. It has a popularity score of 424.983, a vote count of 5689, and an average audience rating of 7.7. Its original language is en. These measurements can be used to evaluate audience interest and market performance."
"Analyze the market performance of the movie The Simpsons in Plusaversary. Use its genre, popularity, vote count, and audience rating.","The Simpsons in Plusaversary belongs to the Animation, Comedy, Fantasy genre. It has a popularity score of 418.589, a vote count of 251, and an average audience rating of 6.6. Its original language is en. These measurements can be used to evaluate audience interest and market performance."
"Analyze the market performance of the movie Forgive Us Our Trespasses. Use its genre, popularity, vote count, and audience rating.","Forgive Us Our Trespasses belongs to the Drama, War genre. It has a popularity score of 409.688, a vote count of 27, and an average audience rating of 6.3. Its original language is en. These measurements can be used to evaluate audience interest and market performance."
"Analyze the market performance of the movie Luca. Use its genre, popularity, vote count, and audience rating.","Luca belongs to the Animation, Comedy, Family, Fantasy genre. It has a popularity score of 408.749, a vote count of 5886, and an average audience rating of 8. Its original language is en. These measurements can be used to evaluate audience interest and market performance."
"Analyze the market performance of the movie Mortal Kombat. Use its genre, popularity, vote count, and audience rating.","Mortal Kombat belongs to the Action, Fantasy, Adventure genre. It has a popularity score of 402.273, a vote count of 4447, and an average audience rating of 7.2. Its original language is en. These measurements can be used to evaluate audience interest and market performance."
"Analyze the market performance of the movie Zack Snyder's Justice League. Use its genre, popularity, vote count, and audience rating.","Zack Snyder's Justice League belongs to the Action, Adventure, Fantasy, Science Fiction genre. It has a popularity score of 398.461, a vote count of 7414, and an average audience rating of 8.3. Its original language is en. These measurements can be used to evaluate audience interest and market performance."
"Analyze the market performance of the movie Mother/Android. Use its genre, popularity, vote count, and audience rating.","Mother/Android belongs to the Science Fiction, Thriller genre. It has a popularity score of 398.12, a vote count of 422, and an average audience rating of 5.8. Its original language is en. These measurements can be used to evaluate audience interest and market performance."
"Analyze the market performance of the movie Exploits of a Young Don Juan. Use its genre, popularity, vote count, and audience rating.","Exploits of a Young Don Juan belongs to the Comedy, Drama genre. It has a popularity score of 396.948, a vote count of 88, and an average audience rating of 5.5. Its original language is fr. These measurements can be used to evaluate audience interest and market performance."
"Analyze the market performance of the movie Dune. Use its genre, popularity, vote count, and audience rating.","Dune belongs to the Science Fiction, Adventure genre. It has a popularity score of 394.295, a vote count of 6237, and an average audience rating of 7.9. Its original language is en. These measurements can be used to evaluate audience interest and market performance."
"Analyze the market performance of the movie The Last Warrior: Root of Evil. Use its genre, popularity, vote count, and audience rating.","The Last Warrior: Root of Evil belongs to the Fantasy, Adventure, Comedy genre. It has a popularity score of 391.957, a vote count of 89, and an average audience rating of 7.1. Its original language is ru. These measurements can be used to evaluate audience interest and market performance."
"Analyze the market performance of the movie The Privilege. Use its genre, popularity, vote count, and audience rating.","The Privilege belongs to the Horror genre. It has a popularity score of 387.924, a vote count of 104, and an average audience rating of 5.1. Its original language is de. These measurements can be used to evaluate audience interest and market performance."
"Analyze the market performance of the movie Queen of Spades. Use its genre, popularity, vote count, and audience rating.","Queen of Spades belongs to the Horror genre. It has a popularity score of 387.159, a vote count of 37, and an average audience rating of 6.4. Its original language is en. These measurements can be used to evaluate audience interest and market performance."
"Analyze the market performance of the movie Antlers. Use its genre, popularity, vote count, and audience rating.","Antlers belongs to the Drama, Horror, Mystery genre. It has a popularity score of 380.88, a vote count of 544, and an average audience rating of 6.4. Its original language is en. These measurements can be used to evaluate audience interest and market performance."
"Analyze the market performance of the movie Dangerous. Use its genre, popularity, vote count, and audience rating.","Dangerous belongs to the Action, Thriller genre. It has a popularity score of 379.856, a vote count of 175, and an average audience rating of 6.4. Its original language is en. These measurements can be used to evaluate audience interest and market performance."
"Analyze the market performance of the movie After We Fell. Use its genre, popularity, vote count, and audience rating.","After We Fell belongs to the Romance, Drama genre. It has a popularity score of 365.85, a vote count of 1563, and an average audience rating of 7.2. Its original language is en. These measurements can be used to evaluate audience interest and market performance."
"Analyze the market performance of the movie No Time to Die. Use its genre, popularity, vote count, and audience rating.","No Time to Die belongs to the Adventure, Action, Thriller genre. It has a popularity score of 360.164, a vote count of 3616, and an average audience rating of 7.5. Its original language is en. These measurements can be used to evaluate audience interest and market performance."
"Analyze the market performance of the movie Sooryavanshi. Use its genre, popularity, vote count, and audience rating.","Sooryavanshi belongs to the Action, Crime, Thriller genre. It has a popularity score of 352.368, a vote count of 93, and an average audience rating of 5.8. Its original language is hi. These measurements can be used to evaluate audience interest and market performance."
"Analyze the market performance of the movie Finch. Use its genre, popularity, vote count, and audience rating.","Finch belongs to the Science Fiction, Drama, Adventure genre. It has a popularity score of 348.942, a vote count of 2075, and an average audience rating of 8.1. Its original language is en. These measurements can be used to evaluate audience interest and market performance."
"Analyze the market performance of the movie Two. Use its genre, popularity, vote count, and audience rating.","Two belongs to the Thriller, Horror genre. It has a popularity score of 342.661, a vote count of 207, and an average audience rating of 5.4. Its original language is es. These measurements can be used to evaluate audience interest and market performance."
"Analyze the market performance of the movie PAW Patrol: The Movie. Use its genre, popularity, vote count, and audience rating.","PAW Patrol: The Movie belongs to the Animation, Family, Adventure, Comedy genre. It has a popularity score of 339.374, a vote count of 855, and an average audience rating of 7.5. Its original language is en. These measurements can be used to evaluate audience interest and market performance."
"Analyze the market performance of the movie Avengers: Infinity War. Use its genre, popularity, vote count, and audience rating.","Avengers: Infinity War belongs to the Adventure, Action, Science Fiction genre. It has a popularity score of 338.402, a vote count of 24079, and an average audience rating of 8.3. Its original language is en. These measurements can be used to evaluate audience interest and market performance."
"Analyze the market performance of the movie Batman. Use its genre, popularity, vote count, and audience rating.","Batman belongs to the Fantasy, Action genre. It has a popularity score of 338.272, a vote count of 6109, and an average audience rating of 7.2. Its original language is en. These measurements can be used to evaluate audience interest and market performance."
"Analyze the market performance of the movie Black Widow. Use its genre, popularity, vote count, and audience rating.","Black Widow belongs to the Action, Adventure, Science Fiction genre. It has a popularity score of 337.651, a vote count of 7127, and an average audience rating of 7.5. Its original language is en. These measurements can be used to evaluate audience interest and market performance."
"Analyze the market performance of the movie The Wonderful Winter of Mickey Mouse. Use its genre, popularity, vote count, and audience rating.","The Wonderful Winter of Mickey Mouse belongs to the Animation, Comedy genre. It has a popularity score of 333.354, a vote count of 3, and an average audience rating of 5.7. Its original language is en. These measurements can be used to evaluate audience interest and market performance."
"Analyze the market performance of the movie F9. Use its genre, popularity, vote count, and audience rating.","F9 belongs to the Action, Crime, Thriller, Adventure genre. It has a popularity score of 331.944, a vote count of 5092, and an average audience rating of 7.3. Its original language is en. These measurements can be used to evaluate audience interest and market performance."
"Analyze the market performance of the movie Moonfall. Use its genre, popularity, vote count, and audience rating.","Moonfall belongs to the Action, Adventure, Science Fiction genre. It has a popularity score of 328.678, a vote count of 186, and an average audience rating of 5.9. Its original language is en. These measurements can be used to evaluate audience interest and market performance."
"Analyze the market performance of the movie Sex, Shame and Tears 2. Use its genre, popularity, vote count, and audience rating.","Sex, Shame and Tears 2 belongs to the Comedy, Drama genre. It has a popularity score of 325.624, a vote count of 5, and an average audience rating of 2.2. Its original language is es. These measurements can be used to evaluate audience interest and market performance."
"Analyze the market performance of the movie Diary of a Wimpy Kid. Use its genre, popularity, vote count, and audience rating.","Diary of a Wimpy Kid belongs to the Animation, Comedy, Family genre. It has a popularity score of 324.706, a vote count of 189, and an average audience rating of 6.5. Its original language is en. These measurements can be used to evaluate audience interest and market performance."
"Analyze the market performance of the movie AI Love You. Use its genre, popularity, vote count, and audience rating.","AI Love You belongs to the Comedy, Romance, Science Fiction genre. It has a popularity score of 317.643, a vote count of 16, and an average audience rating of 5.3. Its original language is th. These measurements can be used to evaluate audience interest and market performance."
"Analyze the market performance of the movie Sonic the Hedgehog 2. Use its genre, popularity, vote count, and audience rating.","Sonic the Hedgehog 2 belongs to the Action, Science Fiction, Comedy, Family genre. It has a popularity score of 317.159, a vote count of 0, and an average audience rating of 0. Its original language is en. These measurements can be used to evaluate audience interest and market performance."
"Analyze the market performance of the movie Erax. Use its genre, popularity, vote count, and audience rating.","Erax belongs to the Mystery, Family genre. It has a popularity score of 317.102, a vote count of 12, and an average audience rating of 5.7. Its original language is en. These measurements can be used to evaluate audience interest and market performance."
"Analyze the market performance of the movie Deathstroke: Knights & Dragons - The Movie. Use its genre, popularity, vote count, and audience rating.","Deathstroke: Knights & Dragons - The Movie belongs to the Animation, Action, Adventure, Science Fiction genre. It has a popularity score of 314.388, a vote count of 325, and an average audience rating of 6.9. Its original language is en. These measurements can be used to evaluate audience interest and market performance."
"Analyze the market performance of the movie The Last Duel. Use its genre, popularity, vote count, and audience rating.","The Last Duel belongs to the Action, Drama, History genre. It has a popularity score of 312.916, a vote count of 1848, and an average audience rating of 7.6. Its original language is en. These measurements can be used to evaluate audience interest and market performance."
"Analyze the market performance of the movie The Pirates: The Last Royal Treasure. Use its genre, popularity, vote count, and audience rating.","The Pirates: The Last Royal Treasure belongs to the Action, Adventure, Comedy, History genre. It has a popularity score of 311.94, a vote count of 38, and an average audience rating of 6.6. Its original language is ko. These measurements can be used to evaluate audience interest and market performance."
"Analyze the market performance of the movie Paranormal Activity: Next of Kin. Use its genre, popularity, vote count, and audience rating.","Paranormal Activity: Next of Kin belongs to the Horror, Mystery, Thriller genre. It has a popularity score of 310.011, a vote count of 300, and an average audience rating of 6.5. Its original language is en. These measurements can be used to evaluate audience interest and market performance."
"Analyze the market performance of the movie House of Gucci. Use its genre, popularity, vote count, and audience rating.","House of Gucci belongs to the Drama, Crime, Thriller genre. It has a popularity score of 308.214, a vote count of 1276, and an average audience rating of 6.8. Its original language is en. These measurements can be used to evaluate audience interest and market performance."
"Analyze the market performance of the movie Dark Spell. Use its genre, popularity, vote count, and audience rating.","Dark Spell belongs to the Romance, Horror, Thriller genre. It has a popularity score of 308.037, a vote count of 80, and an average audience rating of 6.7. Its original language is ru. These measurements can be used to evaluate audience interest and market performance."
"Analyze the market performance of the movie Jungle Cruise. Use its genre, popularity, vote count, and audience rating.","Jungle Cruise belongs to the Action, Adventure, Comedy, Fantasy genre. It has a popularity score of 307.936, a vote count of 4034, and an average audience rating of 7.6. Its original language is en. These measurements can be used to evaluate audience interest and market performance."
"Analyze the market performance of the movie Godzilla vs. Kong. Use its genre, popularity, vote count, and audience rating.","Godzilla vs. Kong belongs to the Action, Fantasy, Science Fiction genre. It has a popularity score of 307.521, a vote count of 7681, and an average audience rating of 7.8. Its original language is en. These measurements can be used to evaluate audience interest and market performance."
"Analyze the market performance of the movie The Amazing Spider-Man. Use its genre, popularity, vote count, and audience rating.","The Amazing Spider-Man belongs to the Action, Adventure, Fantasy genre. It has a popularity score of 306.376, a vote count of 14564, and an average audience rating of 6.7. Its original language is en. These measurements can be used to evaluate audience interest and market performance."
"Analyze the market performance of the movie Heart Shot. Use its genre, popularity, vote count, and audience rating.","Heart Shot belongs to the Romance, Crime genre. It has a popularity score of 302.272, a vote count of 16, and an average audience rating of 5.6. Its original language is en. These measurements can be used to evaluate audience interest and market performance."
"Analyze the market performance of the movie Avatar. Use its genre, popularity, vote count, and audience rating.","Avatar belongs to the Action, Adventure, Fantasy, Science Fiction genre. It has a popularity score of 297.357, a vote count of 25011, and an average audience rating of 7.5. Its original language is en. These measurements can be used to evaluate audience interest and market performance."
"Analyze the market performance of the movie Mobile Suit Gundam Hathaway. Use its genre, popularity, vote count, and audience rating.","Mobile Suit Gundam Hathaway belongs to the Animation, Action, Drama, Science Fiction genre. It has a popularity score of 292.604, a vote count of 77, and an average audience rating of 7.8. Its original language is ja. These measurements can be used to evaluate audience interest and market performance."
"Analyze the market performance of the movie Army of Thieves. Use its genre, popularity, vote count, and audience rating.","Army of Thieves belongs to the Crime, Comedy genre. It has a popularity score of 290.54, a vote count of 1167, and an average audience rating of 6.9. Its original language is en. These measurements can be used to evaluate audience interest and market performance."
"Analyze the market performance of the movie UFO. Use its genre, popularity, vote count, and audience rating.","UFO belongs to the Drama, Romance genre. It has a popularity score of 290.481, a vote count of 15, and an average audience rating of 5.2. Its original language is tr. These measurements can be used to evaluate audience interest and market performance."
"Analyze the market performance of the movie The Weekend Away. Use its genre, popularity, vote count, and audience rating.","The Weekend Away belongs to the Thriller, Mystery genre. It has a popularity score of 290.206, a vote count of 119, and an average audience rating of 5.9. Its original language is en. These measurements can be used to evaluate audience interest and market performance."
"Analyze the market performance of the movie The Croods: A New Age. Use its genre, popularity, vote count, and audience rating.","The Croods: A New Age belongs to the Animation, Family, Adventure, Fantasy, Comedy genre. It has a popularity score of 284.798, a vote count of 2877, and an average audience rating of 7.6. Its original language is en. These measurements can be used to evaluate audience interest and market performance."
"Analyze the market performance of the movie Back to the Outback. Use its genre, popularity, vote count, and audience rating.","Back to the Outback belongs to the Animation, Family, Adventure, Comedy genre. It has a popularity score of 282.246, a vote count of 341, and an average audience rating of 7.7. Its original language is en. These measurements can be used to evaluate audience interest and market performance."
"Analyze the market performance of the movie The Tomorrow War. Use its genre, popularity, vote count, and audience rating.","The Tomorrow War belongs to the Action, Science Fiction, Adventure genre. It has a popularity score of 282.068, a vote count of 5182, and an average audience rating of 8. Its original language is en. These measurements can be used to evaluate audience interest and market performance."
